,date,text
0,2020-06-30,"Seg√∫n la Asociaci√≥n Dominicana de Casinos de Juegos, una mayor demora en la reapertura del sector podr√≠a costar hasta 25 mil empleos. 
#Rep√∫blicaDominicana #Juego   

https://t.co/cW7AlC92jZ"
1,2020-06-30,"El sector turismo quedar√° gravemente afectado, ya Espa√±a recomend√≥ a sus ciudadanos no viajar a la Rep√∫blica Dominicana asta despu√©s del verano, cu√°nto empleo se afectaran? De seguro que mucho, yo estimo de 100M directos y unos 250M indirectos, todo por el af√°n de @DaniloMedina"
2,2020-06-30,"Hoy celebra su 54 aniversario de fundaci√≥n el Ministerio de Industria y Comercio,¬†el cual se ha constituido en el soporte fundamental para brindar servicios a las personas y empresas que hacen negocios y fomentan el empleo en la Rep√∫blica Dominicana.#Efem√©ridesFARD https://t.co/kSMds4ppmS"
3,2020-06-23,"Nuestro coordinador de redes mundiales @jsuarezastacio aporta en este n√∫mero especial de la @RevistaJTrabajo la visi√≥n de la estabilidad en el empleo en relaci√≥n al caso de Rep√∫blica Dominicana, esperamos les sea de utilidad https://t.co/dSfyfqNL1x"
4,2020-06-23,"En el N√∫mero especial de la Revista Jur√≠dica del Trabajo - REP√öBLICA DOMINICANA
Javier Su√°rez:¬†""Estabilidad en el empleo en un contexto de pandemia, el caso de la Rep√∫blica Dominicana"" https://t.co/oaX7WJtYBX @jsuarezastacio https://t.co/UCBTgMWmej"
5,2020-06-22,"tantos j√≥venes con talento, en el desarrollo urbano, en la Rep√∫blica Dominicana, en la m√∫sica urbana, yo te invito a que construyamos una ciudad, llena de j√≥venes de oportunidad, con mucho empleo y sin blablabla, eto no... eto no e cotorra yo vengo a trabajar. https://t.co/x3Tn6Rjh9W"
6,2020-06-22,"De forma directa, las #zonasfrancas son fuente de empleo de m√°s de 176,000 personas en la Rep√∫blica Dominicana; y m√°s de 200,000 empleos indirectos. #ADOZONA https://t.co/WBF7HH3q4h"
7,2020-06-20,"Con Gonzalo el pa√≠s alcanzara un futuro mejor.Abra mas soberan√≠a, mas emple√≥ para los mas vulnerables, mas oportunidades para los j√≥venes. Todo lo que le hace falta a nuestras tierras Rep√∫blica Dominicana.@EriniaPeralta @NewtonPujols @JoseRPeraltaF https://t.co/f2pbYQ6B8q"
8,2020-06-19,"Ning√∫n Pa√≠s del mundo tiene nada de m√°s en √©ste momento, al contrario, hasta el Pa√≠s m√°s rico y avanzado tiene todos los servicios limitados y en muchos casos, hasta escasez y desempleo ya empezaron a sufrir. 

Demos gracias a Dios por todo aqu√≠ en Rep√∫blica Dominicana. üá©üá¥‚≠êüëèüôè"
9,2020-06-19,"Gran mierda que Cardi B no vuelva a Rep√∫blica Dominicana. 
Cuanto empleo dejara de generarse?
Cuantos estar√≠an afectados, psicol√≥gica y econ√≥micamente?

Pero que se creen estos supuesto mal llamado ‚Äúartista‚Äù eh? Creen que son un producto de consumo obligatorio? No 

POR DIOS!!!"
10,2020-06-18,"El turismo es el principal sector econ√≥mico de la Rep√∫blica Dominicana, aporta cerca de un 8% del Producto Interno Bruto (PIB) y da empleo a unas 300,000 personas."
11,2020-06-18,"#Desempleo y #AumentoDelPasaje en el transporte p√∫blico en Rep√∫blica Dominicana, como modalidad de la #CuartaFASE del #COVID19.
El pueblo ya no aguanta m√°s:
@PresidenciaRD
@DaniloMedina
@INTRANT_RD
@OPRET_RD 

La noticia sobre el pasaje es de @DiarioLibre, 18 de junio de 2020. https://t.co/QHufl99bTY"
12,2020-06-16,"Fern√°ndez dijo que el desempleo es un serio de problema que afecta a miles de j√≥venes, por lo que al asumir como presidente de la Rep√∫blica crear√° las condiciones para garantizar empleos dignos y de calidad para la juventud dominicana.

https://t.co/fmfv5jGaWl

#ElNuevoDiarioRD"
13,2020-06-16,"@marinodiazp @CuryOscar @CONEP_RD Para crear empleo debe existir un marco legal y reglas de juego que no existen en Rep√∫blica Dominicana. No es f√°cil y sencillo, sin importa si es grande o peque√±a, crear empresas en un pa√≠s con la tarifa electr√≥nica m√°s alta, el combustible m√°s alto, transporte de carga m√°s alto"
14,2020-06-15,"@WRadioColombia Les cuento que chile tiene un problema de migraci√≥n, Bolivia, Per√∫, Colombia, Hait√≠, Venezuela, Rep√∫blica Dominicana, cuba, ecuador el desempleo sube y es la oportunidad para controlar un poco la migracion. El gobierno de Chile les ofrecio albergue pero los colombianos no han...."
15,2020-06-28,"- Ley de Salario M√≠nimo Vital y M√≥vil
- Descendi√≥ el desempleo de un 8% a un 5%
- Se opuso a la intervenci√≥n armada de Estados Unidos en la Rep√∫blica Dominicana
- Logr√≥ la Resoluci√≥n N¬∫ 2065 de Naciones Unidas, que obligaba a Gran Breta√±a a la discusi√≥n sobre la soberan√≠a en..."
16,2020-06-28,"En la Rep√∫blica Dominicana, muchos recuerdan que durante la presidencia del  PRM el pa√≠s vivi√≥ una profunda crisis econ√≥mica que provoc√≥ una gran inflaci√≥n, altos √≠ndices de desempleo y devalu√≥ el peso dominicano no Tamo pa' retroceso #GonzaloyDaniloinvencibles"
17,2020-06-28,"@correa_taveras @gilmiguel55 @MaribelZacaria7 @abortolegalrd @AgustinLaje @Farideraful Gracias a la cesantia laboral, Rep√∫blica Dominicana tiene la tasa de desempleo ampliada m√°s alta de Am√©rica latina de un 15%, la tasa de desempleo juvenil m√°s alta de un 30% y una econom√≠a informal del 60% por que, si se legalizan sus empresas ir√°n a la quiebra."
18,2020-06-28,"En la Rep√∫blica Dominicana, muchos recuerdan que durante la presidencia del  PRM, el pa√≠s vivi√≥ una profunda crisis econ√≥mica que provoc√≥ una gran inflaci√≥n, altos √≠ndices de desempleo y devalu√≥ el peso dominicano. üëâNo Tamo pa' retroceso.
 #GonzaloyDaniloinvencibles"
19,2020-06-28,"En la Rep√∫blica Dominicana, muchos recuerdan que durante la presidencia del  PRM el pa√≠s vivi√≥ una profunda crisis econ√≥mica que provoc√≥ una gran inflaci√≥n, altos √≠ndices de desempleo y devalu√≥ el peso dominicano no Tamo pa' retroceso #GonzaloyDaniloinvencibles 
#VamoArriba https://t.co/udkWDcDQq8"
20,2020-06-28,"En la Rep√∫blica Dominicana, muchos recuerdan que durante la presidencia del  PRM el pa√≠s vivi√≥ una profunda crisis econ√≥mica que provoc√≥ una gran inflaci√≥n, altos √≠ndices de desempleo y devalu√≥ el peso dominicano no Tamo pa' retroceso #GonzaloyDaniloinvencibles https://t.co/IQ9RX888da"
21,2020-06-27,Preserva tu empleo y Vota por el tuyo. en Rep√∫blica Dominicana https://t.co/eGyuQHonn9
22,2020-06-25,"Los cambios de gobierno traen cambios de personas, en el caso de Rep√∫blica Dominicana no solo de pol√≠ticos, sino de todo tipo de personal que trabaja para el estado. Entiendo que es l√≥gico el cambio pero nunca me van a ver alegrarme de que alguien pierda su empleo."
23,2020-06-24,"La Polit√≥loga del PLD cree que el PLD es el √∫nico partido de la Rep√∫blica Dominicana y su lamento es que no pudo dinamizarse!

¬øLa vida se acaba sin el PLD?

Para #RosarioEspinal parece que s√≠, no ser√° que tambi√©n se va a quedar sin empleo?

Que vaya a Najayo a visitar sus jefes! https://t.co/3YrolU2A0e"
24,2020-06-24,"EL PUEBLO QUIERE:

Despu√©s que el covid-19 afect√≥ al mundo entero, incluyendo Rep√∫blica Dominicana,
la prioridad de la gente no es narcotr√°fico
ni corrupci√≥n, sino protecci√≥n del empleo, garant√≠as econ√≥micas, salud 
y alimentaci√≥n segura.

Y todo eso lo garantiza solo Gonzaloüá©üá¥"
